timestamp,open,high,low,close,volume
2024-10-03T00:00:00Z,62.94,63.96,61.99,63.48,12408.39209759
2024-10-04T00:00:00Z,63.47,65.15,63.36,64.95,10167.53579998
2024-10-05T00:00:00Z,64.96,66.29,64.72,66.29,10054.45516251
2024-10-06T00:00:00Z,66.29,67.64,66.17,67.03,18138.30515100
2024-10-07T00:00:00Z,66.99,67.95,64.48,64.61,18189.61401241
2024-10-08T00:00:00Z,64.77,66.12,64.60,65.65,9045.78815707
2024-10-09T00:00:00Z,65.68,65.92,64.09,64.59,8416.20466977
2024-10-10T00:00:00Z,64.47,64.99,63.28,64.24,9139.93660554
2024-10-11T00:00:00Z,64.25,65.88,64.25,65.54,9262.09547504
2024-10-12T00:00:00Z,65.58,66.62,65.08,66.21,7664.13653240
2024-10-13T00:00:00Z,66.20,66.27,64.47,64.74,10432.22033917
2024-10-14T00:00:00Z,64.75,67.29,64.09,66.80,17237.89728611
2024-10-15T00:00:00Z,66.81,71.93,65.29,70.85,36416.60896595
2024-10-16T00:00:00Z,70.87,72.97,69.39,70.10,22900.77991734
2024-10-17T00:00:00Z,70.08,73.94,69.96,72.80,18236.46683419
2024-10-18T00:00:00Z,72.75,74.74,71.89,73.12,16830.79232005
2024-10-19T00:00:00Z,73.04,76.14,73.04,74.90,14170.12555844
2024-10-20T00:00:00Z,74.90,75.84,73.69,74.32,10482.49713106
2024-10-21T00:00:00Z,74.21,74.55,70.33,70.72,13686.58615775
2024-10-22T00:00:00Z,70.72,71.51,69.35,69.99,12465.01353313
2024-10-23T00:00:00Z,69.97,70.28,67.85,70.01,16510.08473798
2024-10-24T00:00:00Z,69.99,71.28,69.30,71.11,13018.73049861
2024-10-25T00:00:00Z,71.12,72.21,66.80,68.73,20629.69348311
2024-10-26T00:00:00Z,68.70,69.54,68.06,68.38,9042.46462140
2024-10-27T00:00:00Z,68.38,71.12,67.98,71.01,14691.45969849
2024-10-28T00:00:00Z,71.05,71.48,69.63,70.72,38329.58076157
2024-10-29T00:00:00Z,70.78,74.30,70.70,73.91,36915.13616912
2024-10-30T00:00:00Z,73.93,74.16,71.46,71.77,17274.01994745
2024-10-31T00:00:00Z,71.78,72.03,68.39,69.20,12822.15089646
2024-11-01T00:00:00Z,69.20,70.99,67.70,70.20,10329.11255774
2024-11-02T00:00:00Z,70.20,71.21,68.91,69.18,12542.71201953
2024-11-03T00:00:00Z,69.19,69.24,65.31,66.83,9260.65141174
2024-11-04T00:00:00Z,66.72,67.62,64.39,65.52,11983.50894928
2024-11-05T00:00:00Z,65.52,67.27,64.90,65.38,12664.44989416
2024-11-06T00:00:00Z,65.41,71.62,65.37,71.07,29418.99809074
2024-11-07T00:00:00Z,71.01,72.42,70.01,71.51,33149.61382713
2024-11-08T00:00:00Z,71.57,73.09,70.77,72.85,31853.48477551
2024-11-09T00:00:00Z,72.80,74.17,71.69,74.07,37891.32996176
2024-11-10T00:00:00Z,74.07,78.32,73.48,76.61,39977.92082862
2024-11-11T00:00:00Z,76.47,80.37,74.63,80.12,46397.19373738
2024-11-12T00:00:00Z,80.11,82.79,74.12,76.76,73749.58153514
2024-11-13T00:00:00Z,76.89,77.97,72.01,75.52,54284.64212394
2024-11-14T00:00:00Z,75.49,84.98,74.24,82.41,148365.35974242
2024-11-15T00:00:00Z,82.40,87.28,78.87,83.70,84657.22104228
2024-11-16T00:00:00Z,83.66,98.45,82.97,95.44,115017.01151558
2024-11-17T00:00:00Z,95.53,97.39,84.95,87.17,65087.47205192
2024-11-18T00:00:00Z,87.19,94.71,86.53,89.25,56527.05145329
2024-11-19T00:00:00Z,89.23,90.16,85.21,86.74,52580.48349071
2024-11-20T00:00:00Z,86.76,87.81,82.50,83.43,35219.77886034
2024-11-21T00:00:00Z,83.32,92.00,81.69,89.59,69624.18715453
2024-11-22T00:00:00Z,89.63,92.74,87.79,92.29,46441.16244925
2024-11-23T00:00:00Z,92.30,106.42,92.23,99.56,120323.06179329
2024-11-24T00:00:00Z,99.55,103.25,91.67,97.05,60813.32232531
2024-11-25T00:00:00Z,97.07,99.28,91.00,92.31,44384.71558616
2024-11-26T00:00:00Z,92.21,95.24,87.98,92.93,44229.43113331
2024-11-27T00:00:00Z,92.65,99.07,91.45,97.24,43043.80711516
2024-11-28T00:00:00Z,97.33,98.38,93.72,95.59,24782.23752717
2024-11-29T00:00:00Z,95.53,104.84,94.81,104.79,45623.22713648
2024-11-30T00:00:00Z,104.82,104.94,100.34,102.77,36167.39643616
2024-12-01T00:00:00Z,102.81,122.00,99.20,119.75,97489.47449665
2024-12-02T00:00:00Z,119.61,139.74,115.00,132.90,252364.09156558
2024-12-03T00:00:00Z,132.92,135.15,121.45,130.85,95414.33245610
2024-12-04T00:00:00Z,131.02,135.76,122.10,134.02,102499.32121830
2024-12-05T00:00:00Z,133.94,147.22,125.17,135.91,192467.29733720
2024-12-06T00:00:00Z,135.96,139.47,130.17,136.17,67195.07987088
2024-12-07T00:00:00Z,136.24,138.68,132.04,134.01,41412.73293532
2024-12-08T00:00:00Z,133.84,135.91,130.22,135.02,23946.30837781
2024-12-09T00:00:00Z,135.03,135.06,101.75,110.69,115866.20995885
2024-12-10T00:00:00Z,110.46,114.93,101.14,109.82,79271.85364646
2024-12-11T00:00:00Z,109.83,118.76,105.97,117.41,73209.31078257
2024-12-12T00:00:00Z,117.35,125.00,116.55,119.26,72876.83511918
2024-12-13T00:00:00Z,119.27,125.24,117.20,124.51,41233.51956722
2024-12-14T00:00:00Z,124.53,125.27,115.47,118.19,18061.29403571
2024-12-15T00:00:00Z,118.07,122.04,114.38,121.08,19307.47196331
2024-12-16T00:00:00Z,121.07,123.84,115.44,118.03,40416.74117534
2024-12-17T00:00:00Z,118.04,131.20,114.51,125.54,53016.97142311
2024-12-18T00:00:00Z,125.56,129.04,106.90,108.26,61476.42577742
2024-12-19T00:00:00Z,108.34,111.70,94.69,99.28,57269.04832998
2024-12-20T00:00:00Z,99.42,103.09,86.25,101.39,57086.90326647
2024-12-21T00:00:00Z,101.30,105.91,97.79,101.42,25699.06230488
2024-12-22T00:00:00Z,101.47,103.77,96.73,99.61,17564.21964830
2024-12-23T00:00:00Z,99.64,107.45,97.92,106.60,23216.05706001
2024-12-24T00:00:00Z,106.56,111.02,103.95,108.31,40780.83394109
2024-12-25T00:00:00Z,108.23,110.47,106.91,109.75,19348.28637096
2024-12-26T00:00:00Z,109.77,110.15,101.03,102.12,13728.57865037
2024-12-27T00:00:00Z,102.13,106.33,99.55,100.42,16266.29206437
2024-12-28T00:00:00Z,100.48,101.52,98.57,100.60,11423.77030375
2024-12-29T00:00:00Z,100.55,101.44,96.76,98.31,8593.88788098
2024-12-30T00:00:00Z,98.34,102.79,97.25,99.22,22258.42732283
2024-12-31T00:00:00Z,99.22,104.57,97.64,103.04,23068.49640091
2025-01-01T00:00:00Z,103.04,107.84,101.89,104.93,17915.89220972
2025-01-02T00:00:00Z,104.86,108.50,104.55,105.04,19291.41137695
2025-01-03T00:00:00Z,105.10,114.70,104.03,112.67,20461.04892953
2025-01-04T00:00:00Z,112.73,112.75,110.19,111.23,10817.69182015
2025-01-05T00:00:00Z,111.25,116.12,110.61,115.60,13469.03825662
2025-01-06T00:00:00Z,115.70,117.39,111.64,114.06,22158.74456565
2025-01-07T00:00:00Z,114.01,114.82,102.09,102.70,33104.59893850
2025-01-08T00:00:00Z,102.73,104.89,97.26,101.37,28361.73943289
2025-01-09T00:00:00Z,101.36,105.75,99.95,102.21,23360.45929622
2025-01-10T00:00:00Z,102.30,106.23,102.09,103.96,18574.60315084
2025-01-11T00:00:00Z,103.91,104.90,102.10,104.37,9907.42639336
2025-01-12T00:00:00Z,104.18,105.21,101.33,102.32,10005.74675491
2025-01-13T00:00:00Z,102.32,104.31,92.47,98.37,24008.50483859
2025-01-14T00:00:00Z,98.46,102.47,97.57,102.43,18597.90337852
2025-01-15T00:00:00Z,102.47,118.76,100.79,117.21,30801.85433647
2025-01-16T00:00:00Z,116.94,130.36,114.08,124.38,110156.31918683
2025-01-17T00:00:00Z,124.43,141.00,124.43,137.07,84373.42440275
2025-01-18T00:00:00Z,137.10,139.44,123.19,125.29,55604.27295305
2025-01-19T00:00:00Z,125.27,128.48,111.30,115.41,79491.95567467
2025-01-20T00:00:00Z,115.40,127.42,112.69,118.48,76875.25084140
2025-01-21T00:00:00Z,118.45,125.03,113.65,119.12,38425.93951981
2025-01-22T00:00:00Z,118.89,120.34,114.14,115.28,26213.31299600
2025-01-23T00:00:00Z,115.10,117.55,111.19,116.51,34221.38738004
2025-01-24T00:00:00Z,116.49,123.00,112.84,118.67,48394.79386262
2025-01-25T00:00:00Z,118.78,127.49,118.31,124.01,41477.17757772
2025-01-26T00:00:00Z,124.01,125.09,117.00,117.00,25213.45904360
2025-01-27T00:00:00Z,117.07,117.90,106.11,115.08,70344.68747623
2025-01-28T00:00:00Z,115.08,116.91,109.15,109.97,28205.29814751
2025-01-29T00:00:00Z,109.81,119.37,109.78,115.89,23202.74483679
2025-01-30T00:00:00Z,115.92,135.00,114.26,130.15,118761.34760792
2025-01-31T00:00:00Z,130.18,135.20,124.01,128.05,72647.45427904
2025-02-01T00:00:00Z,127.98,131.23,117.98,118.00,54284.65395629
2025-02-02T00:00:00Z,117.95,121.37,104.00,109.07,109159.95498056
2025-02-03T00:00:00Z,109.11,109.12,80.44,107.05,146346.53649770
2025-02-04T00:00:00Z,107.01,108.77,98.51,101.27,73473.22008132
2025-02-05T00:00:00Z,101.09,109.35,100.53,103.37,32160.81051391
2025-02-06T00:00:00Z,103.30,109.62,99.63,101.71,38132.60824106
2025-02-07T00:00:00Z,101.71,108.03,100.66,103.17,49011.37134531
2025-02-08T00:00:00Z,103.04,105.16,101.78,104.72,18325.12757730
2025-02-09T00:00:00Z,104.75,109.11,102.31,107.17,35327.58732585
2025-02-10T00:00:00Z,107.21,122.38,107.21,120.13,124728.57143336
2025-02-11T00:00:00Z,120.13,132.24,117.72,119.37,147793.50895699
2025-02-12T00:00:00Z,119.02,124.82,111.51,121.99,89421.90598186
2025-02-13T00:00:00Z,122.11,129.26,118.90,126.59,91592.26064217
2025-02-14T00:00:00Z,126.57,133.80,124.60,124.89,87778.30666416
2025-02-15T00:00:00Z,125.16,134.88,124.40,133.94,55136.72550477
2025-02-16T00:00:00Z,133.97,137.41,125.17,125.58,66553.43620172
2025-02-17T00:00:00Z,125.66,128.75,120.13,122.39,46388.15019484
2025-02-18T00:00:00Z,122.43,129.66,119.79,129.65,110290.26986405
2025-02-19T00:00:00Z,129.65,140.00,129.63,134.90,133921.22150069
2025-02-20T00:00:00Z,135.03,135.07,125.94,130.81,87268.14933412
2025-02-21T00:00:00Z,130.44,139.92,123.63,128.17,128084.93820142
2025-02-22T00:00:00Z,128.01,131.43,125.67,125.92,31042.97136886
2025-02-23T00:00:00Z,125.92,130.34,125.30,129.87,19465.10203479
2025-02-24T00:00:00Z,129.89,130.39,111.90,114.77,77358.11777843
2025-02-25T00:00:00Z,114.75,117.07,106.00,114.51,74293.90620459
2025-02-26T00:00:00Z,114.47,128.56,113.88,124.50,166455.98224247
2025-02-27T00:00:00Z,124.50,131.88,121.74,126.84,151177.91778154
2025-02-28T00:00:00Z,126.71,129.49,114.08,127.92,154606.01564554
2025-03-01T00:00:00Z,127.93,131.00,122.97,124.24,119062.15134026
2025-03-02T00:00:00Z,124.24,129.96,117.70,127.83,117374.22668327
2025-03-03T00:00:00Z,127.88,130.32,106.62,109.77,135924.83486177
2025-03-04T00:00:00Z,109.81,110.77,94.04,103.64,211735.13880500
2025-03-05T00:00:00Z,103.42,106.70,100.67,104.79,82925.04747444
2025-03-06T00:00:00Z,104.72,112.94,101.93,103.32,88088.47271557
2025-03-07T00:00:00Z,103.42,106.57,97.35,103.63,77920.33645375
2025-03-08T00:00:00Z,103.62,108.60,101.79,102.28,47232.09609432
2025-03-09T00:00:00Z,102.05,102.70,93.63,94.46,46200.16423703
2025-03-10T00:00:00Z,94.55,99.03,86.30,87.38,115067.74678808
2025-03-11T00:00:00Z,87.48,93.16,83.26,90.38,90064.67470262
2025-03-12T00:00:00Z,90.47,92.80,87.34,91.53,50691.30565532
2025-03-13T00:00:00Z,91.53,91.73,86.30,87.98,53416.58852916
2025-03-14T00:00:00Z,87.97,92.79,87.81,91.24,43659.07188687
2025-03-15T00:00:00Z,91.33,94.17,91.03,92.43,21561.27875390
2025-03-16T00:00:00Z,92.42,92.67,88.43,90.26,22957.49127241
2025-03-17T00:00:00Z,90.39,94.38,90.32,92.32,40621.60301499
2025-03-18T00:00:00Z,92.25,92.25,87.14,90.11,37627.44152936
2025-03-19T00:00:00Z,90.03,94.49,89.36,94.10,39843.84838003
2025-03-20T00:00:00Z,94.20,94.54,90.11,93.24,26985.16428551
2025-03-21T00:00:00Z,93.22,93.81,90.83,90.83,23217.06539495
2025-03-22T00:00:00Z,90.83,92.18,90.42,91.32,8750.60271510
2025-03-23T00:00:00Z,91.33,92.92,90.67,91.45,11193.61728530
2025-03-24T00:00:00Z,91.47,97.73,90.85,93.73,41513.29542861
2025-03-25T00:00:00Z,93.78,94.72,91.92,94.33,28945.23071528
2025-03-26T00:00:00Z,94.42,96.50,90.95,92.42,51767.09051500
2025-03-27T00:00:00Z,92.33,94.99,92.18,92.79,40811.90276817
2025-03-28T00:00:00Z,92.72,93.36,85.68,87.29,35186.63986803
2025-03-29T00:00:00Z,87.28,87.97,84.12,85.44,25588.43986553
2025-03-30T00:00:00Z,85.39,86.77,84.70,86.08,17403.79077847
2025-03-31T00:00:00Z,86.11,86.22,80.83,82.97,44429.01633258
2025-04-01T00:00:00Z,82.97,85.88,82.87,84.47,19412.26595455
2025-04-02T00:00:00Z,84.47,88.48,80.89,81.52,55872.76886750
2025-04-03T00:00:00Z,81.47,84.77,80.12,83.28,38483.17482381
2025-04-04T00:00:00Z,83.42,85.06,81.64,84.38,30726.09122744
2025-04-05T00:00:00Z,84.29,84.90,81.61,82.67,15587.28728517
2025-04-06T00:00:00Z,82.58,83.09,68.36,70.52,51353.26524103
2025-04-07T00:00:00Z,70.59,72.92,63.09,70.95,76024.72554662
2025-04-08T00:00:00Z,71.04,73.45,68.21,69.17,36569.07698404
2025-04-09T00:00:00Z,69.21,78.43,66.51,76.01,54683.63348254
2025-04-10T00:00:00Z,76.01,76.06,71.08,73.77,49245.60807546
2025-04-11T00:00:00Z,73.75,77.47,73.74,76.26,46921.15381529
2025-04-12T00:00:00Z,76.17,80.03,74.91,78.65,30467.44697500
2025-04-13T00:00:00Z,78.65,79.99,76.40,77.75,22197.09046772
2025-04-14T00:00:00Z,77.79,80.57,75.78,77.14,26569.00420901
2025-04-15T00:00:00Z,77.16,78.67,74.68,75.33,19277.62254935
2025-04-16T00:00:00Z,75.31,76.50,73.33,74.32,25763.77224475
2025-04-17T00:00:00Z,74.33,76.50,73.71,74.91,16939.05782397
2025-04-18T00:00:00Z,74.96,77.03,74.64,75.96,14437.36675625
2025-04-19T00:00:00Z,76.01,76.71,74.29,76.11,12064.87586114
2025-04-20T00:00:00Z,76.10,78.46,75.43,77.77,12664.56095223
2025-04-21T00:00:00Z,77.78,81.80,77.46,78.10,24829.37881680
2025-04-22T00:00:00Z,78.11,84.73,77.44,83.51,39778.07810378
2025-04-23T00:00:00Z,83.52,85.23,82.26,83.31,33880.66419094
2025-04-24T00:00:00Z,83.33,84.62,80.83,84.35,16230.27522646
2025-04-25T00:00:00Z,84.36,87.29,82.91,86.38,26746.26286895
2025-04-26T00:00:00Z,86.45,88.06,85.20,87.08,11134.58695838
2025-04-27T00:00:00Z,87.16,87.61,84.58,85.40,10359.16461671
2025-04-28T00:00:00Z,85.40,88.08,83.78,85.62,29778.08291760
2025-04-29T00:00:00Z,85.72,87.43,84.56,85.60,34061.82982472
2025-04-30T00:00:00Z,85.60,86.60,81.55,83.58,26820.66600311
2025-05-01T00:00:00Z,83.56,90.95,83.40,88.87,41567.56004284
2025-05-02T00:00:00Z,88.95,91.00,87.22,88.02,20432.86845983
2025-05-03T00:00:00Z,88.03,88.03,85.67,86.56,8533.51617638
2025-05-04T00:00:00Z,86.51,86.95,84.86,85.06,7740.60689256
2025-05-05T00:00:00Z,85.01,89.43,82.24,83.24,26274.66018868
2025-05-06T00:00:00Z,83.25,92.60,81.10,91.54,34391.13451004
2025-05-07T00:00:00Z,91.54,99.00,87.30,89.47,54664.08740698
2025-05-08T00:00:00Z,89.53,97.08,89.45,94.91,101570.78604974
2025-05-09T00:00:00Z,94.91,101.47,93.92,100.53,86513.02864478
2025-05-10T00:00:00Z,100.54,106.99,100.54,105.28,64794.61277701
2025-05-11T00:00:00Z,105.23,105.86,98.29,100.08,75788.40746311
2025-05-12T00:00:00Z,100.08,112.50,98.44,103.85,85366.33318289
2025-05-13T00:00:00Z,103.80,104.95,99.53,103.53,46342.84196002
2025-05-14T00:00:00Z,103.48,105.85,98.69,101.03,33713.25244035
2025-05-15T00:00:00Z,101.01,101.85,95.68,99.27,50565.00453154
2025-05-16T00:00:00Z,99.30,102.12,98.39,99.46,26252.58585437
2025-05-17T00:00:00Z,99.46,101.17,95.75,96.06,37146.65886309
2025-05-18T00:00:00Z,96.11,102.39,95.91,100.86,32231.64209107
2025-05-19T00:00:00Z,101.01,101.29,94.27,98.28,42863.27238233
2025-05-20T00:00:00Z,98.30,99.62,92.43,94.44,57571.13114841
2025-05-21T00:00:00Z,94.43,98.34,93.55,97.15,54561.65470455
2025-05-22T00:00:00Z,97.15,101.00,97.06,100.27,65362.14876188
2025-05-23T00:00:00Z,100.29,102.85,94.68,95.25,62990.91886404
2025-05-24T00:00:00Z,95.25,97.78,94.94,95.65,20656.76398119
2025-05-25T00:00:00Z,95.64,96.03,93.19,95.65,19179.67442272
2025-05-26T00:00:00Z,95.69,97.58,94.41,95.03,16779.38788361
2025-05-27T00:00:00Z,95.03,97.01,93.20,95.97,27076.43520676
2025-05-28T00:00:00Z,95.97,97.46,93.50,95.31,17564.13841431
2025-05-29T00:00:00Z,95.36,98.90,92.94,93.22,37775.19488840
2025-05-30T00:00:00Z,93.20,93.85,85.02,85.65,36792.54741729
2025-05-31T00:00:00Z,85.66,87.90,83.28,87.08,30501.71156652
2025-06-01T00:00:00Z,87.09,88.70,85.88,88.39,14047.18495799
2025-06-02T00:00:00Z,88.45,89.93,87.05,89.55,21739.39669082
2025-06-03T00:00:00Z,89.56,90.58,88.84,89.52,12204.47790709
2025-06-04T00:00:00Z,89.51,90.99,87.50,88.03,11265.34901593
2025-06-05T00:00:00Z,88.00,89.09,82.01,83.63,24289.92174800
2025-06-06T00:00:00Z,83.66,87.66,83.30,87.34,15496.97855918
2025-06-07T00:00:00Z,87.27,89.31,86.77,88.38,12665.20843919
2025-06-08T00:00:00Z,88.38,88.61,86.66,87.27,15319.96835471
2025-06-09T00:00:00Z,87.27,90.80,86.78,90.76,25991.38125638
2025-06-10T00:00:00Z,90.76,93.44,89.60,93.28,31282.14465148
2025-06-11T00:00:00Z,93.32,94.12,90.41,91.55,24215.91076413
2025-06-12T00:00:00Z,91.56,91.82,86.15,86.24,19092.30672901
2025-06-13T00:00:00Z,86.24,86.65,81.45,86.58,37118.63632827
2025-06-14T00:00:00Z,86.52,86.90,84.23,85.24,15318.67221598
2025-06-15T00:00:00Z,85.22,86.53,85.00,86.33,12890.55093161
2025-06-16T00:00:00Z,86.32,88.94,85.39,86.60,26416.80435359
2025-06-17T00:00:00Z,86.72,87.77,82.52,84.23,35117.57752321
2025-06-18T00:00:00Z,84.23,85.60,83.41,85.12,18689.62827866
2025-06-19T00:00:00Z,85.13,85.91,84.28,85.12,15746.97278572
2025-06-20T00:00:00Z,85.13,85.95,81.05,82.89,34051.62372555
2025-06-21T00:00:00Z,82.90,84.09,78.74,80.26,17415.54833163
2025-06-22T00:00:00Z,80.27,82.04,76.24,80.24,32229.20487850
2025-06-23T00:00:00Z,80.23,85.40,79.56,84.95,33115.89919414
2025-06-24T00:00:00Z,84.96,85.41,83.93,84.81,22536.20797481
2025-06-25T00:00:00Z,84.81,85.48,84.04,84.70,24590.23719498
2025-06-26T00:00:00Z,84.71,85.94,83.88,84.31,27653.25005296
2025-06-27T00:00:00Z,84.32,85.61,83.27,84.84,54886.80593754
2025-06-28T00:00:00Z,84.87,87.36,84.65,86.34,9983.18991753
2025-06-29T00:00:00Z,86.34,88.44,85.91,88.00,10579.05277097
2025-06-30T00:00:00Z,88.01,88.28,84.85,85.98,29022.65609097
2025-07-01T00:00:00Z,86.03,86.83,82.47,83.24,31392.57265667
2025-07-02T00:00:00Z,83.19,88.64,83.08,87.32,33538.96163760
2025-07-03T00:00:00Z,87.38,92.32,86.95,89.04,28705.16261936
2025-07-04T00:00:00Z,89.11,89.29,85.72,86.83,23378.36993679
2025-07-05T00:00:00Z,86.84,87.82,85.82,87.62,12027.79453920
2025-07-06T00:00:00Z,87.58,88.48,86.58,87.37,12862.66477855
2025-07-07T00:00:00Z,87.38,88.27,85.18,86.09,23227.65449245
2025-07-08T00:00:00Z,86.09,88.00,85.57,87.78,28926.31996823
2025-07-09T00:00:00Z,87.78,91.39,87.19,90.66,35396.05124158
2025-07-10T00:00:00Z,90.66,95.36,90.22,94.86,40235.59008053
2025-07-11T00:00:00Z,94.75,98.33,92.76,94.28,67495.02096943
2025-07-12T00:00:00Z,94.30,95.40,90.84,92.75,34176.92576354
2025-07-13T00:00:00Z,92.80,96.85,92.59,94.69,22210.35955304
2025-07-14T00:00:00Z,94.73,97.92,94.22,95.61,46527.37763287
2025-07-15T00:00:00Z,95.66,96.66,91.29,96.35,44580.48899381
2025-07-16T00:00:00Z,96.36,99.93,95.14,97.54,36654.76549005
2025-07-17T00:00:00Z,97.53,103.58,95.43,101.51,52890.08391475
2025-07-18T00:00:00Z,101.66,112.30,100.14,101.73,112355.70047637
2025-07-19T00:00:00Z,101.76,114.18,99.73,113.34,134027.77469854
2025-07-20T00:00:00Z,113.27,121.47,110.69,116.64,199910.04752820
2025-07-21T00:00:00Z,116.63,122.11,114.60,115.64,125200.26996038
2025-07-22T00:00:00Z,115.47,120.01,112.65,119.76,232039.62971416
2025-07-23T00:00:00Z,119.66,122.32,109.01,112.06,74121.86612680
2025-07-24T00:00:00Z,112.10,115.43,106.74,112.21,35630.01416841
2025-07-25T00:00:00Z,112.35,116.40,108.25,113.75,103636.92995229
2025-07-26T00:00:00Z,113.75,115.43,112.12,113.94,28386.33567449
2025-07-27T00:00:00Z,113.98,115.58,112.54,114.78,17892.55180992
2025-07-28T00:00:00Z,114.84,116.36,108.40,109.03,35811.59524038
2025-07-29T00:00:00Z,109.03,110.67,106.71,108.51,35091.97129862
2025-07-30T00:00:00Z,108.49,111.29,105.22,110.47,40051.57536323
2025-07-31T00:00:00Z,110.46,111.76,105.76,106.08,18555.30778467
2025-08-01T00:00:00Z,106.08,108.24,103.24,106.55,55810.40432731
2025-08-02T00:00:00Z,106.55,110.00,104.19,106.20,55272.63871646
2025-08-03T00:00:00Z,106.09,111.39,104.24,110.38,40719.66771036
2025-08-04T00:00:00Z,110.39,121.33,110.16,121.10,108738.63140455
2025-08-05T00:00:00Z,121.19,129.00,119.56,120.26,124818.29981776
2025-08-06T00:00:00Z,120.25,121.15,115.27,119.23,35397.13275399
2025-08-07T00:00:00Z,119.20,123.03,117.42,123.03,46526.33867226
2025-08-08T00:00:00Z,122.94,126.36,119.36,123.79,49810.79003799
2025-08-09T00:00:00Z,123.85,126.26,120.30,120.30,26434.20500575
2025-08-10T00:00:00Z,120.30,125.90,118.38,123.79,26085.25885078
2025-08-11T00:00:00Z,123.75,127.99,119.66,120.05,85997.04167021
2025-08-12T00:00:00Z,120.06,131.89,118.45,130.39,106313.92323141
2025-08-13T00:00:00Z,130.39,134.14,128.64,130.89,100815.64502258
2025-08-14T00:00:00Z,130.85,133.85,119.59,121.35,123704.96746563
2025-08-15T00:00:00Z,121.37,123.31,116.61,119.22,42554.88473731
2025-08-16T00:00:00Z,119.21,121.09,117.30,121.09,17496.63831436
2025-08-17T00:00:00Z,121.07,123.27,119.86,120.77,20154.34985291
2025-08-18T00:00:00Z,120.78,120.99,115.43,117.72,24401.70986472
2025-08-19T00:00:00Z,117.72,119.02,112.26,112.64,34970.56267734
2025-08-20T00:00:00Z,112.63,117.13,112.18,116.02,39538.01012302
2025-08-21T00:00:00Z,116.02,117.35,113.05,114.72,21747.75025341
2025-08-22T00:00:00Z,114.73,123.58,112.57,122.94,45771.63868223
2025-08-23T00:00:00Z,122.93,123.27,119.79,121.40,17997.16811449
2025-08-24T00:00:00Z,121.42,124.69,117.17,118.13,30972.87102908
2025-08-25T00:00:00Z,118.13,118.56,106.72,109.17,60144.27191075
2025-08-26T00:00:00Z,109.18,114.76,108.86,113.48,26213.72623810
2025-08-27T00:00:00Z,113.41,116.15,112.03,112.13,26690.09018358
2025-08-28T00:00:00Z,112.15,114.58,111.40,113.71,22890.21551538
2025-08-29T00:00:00Z,113.71,113.83,108.70,109.92,37083.73087752
2025-08-30T00:00:00Z,109.92,111.19,108.42,110.74,16835.45939626
2025-08-31T00:00:00Z,110.85,111.90,108.78,108.89,7154.56939083
2025-09-01T00:00:00Z,108.90,111.29,106.40,108.70,27454.70969650
2025-09-02T00:00:00Z,108.71,112.10,108.62,111.73,16042.30795248
2025-09-03T00:00:00Z,111.77,113.32,110.83,112.95,14174.67745865
2025-09-04T00:00:00Z,112.95,113.46,109.56,111.05,13341.27095011
2025-09-05T00:00:00Z,111.05,115.06,111.05,112.07,21476.14223409
2025-09-06T00:00:00Z,112.07,112.53,111.25,112.14,8694.76355011
2025-09-07T00:00:00Z,112.25,115.33,112.18,114.99,9809.01217584
2025-09-08T00:00:00Z,114.91,115.45,111.91,112.77,28828.32856295
2025-09-09T00:00:00Z,112.76,114.69,110.94,111.93,17920.46745732
2025-09-10T00:00:00Z,111.96,118.62,111.61,117.58,37707.13680177
2025-09-11T00:00:00Z,117.74,117.76,113.03,115.88,19390.52118356
2025-09-12T00:00:00Z,115.94,118.40,114.87,118.16,25374.37661439
2025-09-13T00:00:00Z,118.16,120.80,117.55,119.25,32540.86533418
2025-09-14T00:00:00Z,119.24,119.38,114.10,115.22,22383.30359614
2025-09-15T00:00:00Z,115.18,116.77,112.12,113.78,21434.19762307
2025-09-16T00:00:00Z,113.79,115.79,112.07,115.03,16557.84456667
2025-09-17T00:00:00Z,115.04,117.54,113.23,117.03,23820.79202147
2025-09-18T00:00:00Z,117.02,119.09,114.93,118.24,20876.98934277
2025-09-19T00:00:00Z,118.32,119.41,113.51,114.07,26401.23040109
2025-09-20T00:00:00Z,114.07,115.35,113.55,113.97,12009.13110745
2025-09-21T00:00:00Z,113.97,116.25,113.82,114.07,24581.69535411
2025-09-22T00:00:00Z,114.07,114.46,103.44,105.78,77305.74495438
2025-09-23T00:00:00Z,105.77,107.22,104.52,106.13,33074.53471217
2025-09-24T00:00:00Z,106.13,107.64,104.70,105.61,35068.59599335
2025-09-25T00:00:00Z,105.61,105.85,100.35,102.24,59993.59473674
2025-09-26T00:00:00Z,102.28,104.92,101.12,104.60,29776.84532485
2025-09-27T00:00:00Z,104.54,104.97,103.42,104.52,8726.33663665
2025-09-28T00:00:00Z,104.52,107.15,102.88,106.86,21532.45861503
2025-09-29T00:00:00Z,106.93,107.59,105.36,106.80,27619.31472079
2025-09-30T00:00:00Z,106.80,107.79,103.92,106.85,38831.59238857
2025-10-01T00:00:00Z,106.84,115.30,105.40,115.14,45765.16048850
2025-10-02T00:00:00Z,115.24,122.63,115.24,119.60,136977.14708670
2025-10-03T00:00:00Z,119.62,124.83,115.73,120.51,73426.17851310
2025-10-04T00:00:00Z,120.56,121.03,117.26,120.55,32196.04222190
2025-10-05T00:00:00Z,120.57,124.23,118.41,118.86,37102.99815674
2025-10-06T00:00:00Z,118.89,121.47,118.23,118.41,42039.07158628
2025-10-07T00:00:00Z,118.40,119.28,115.29,116.96,39110.67255482
2025-10-08T00:00:00Z,116.96,119.61,115.38,118.61,31117.97365347
2025-10-09T00:00:00Z,118.65,128.04,115.38,125.93,67613.25900297
2025-10-10T00:00:00Z,125.95,135.84,56.20,97.95,326749.72510838
2025-10-11T00:00:00Z,97.96,102.83,87.66,93.46,120518.21272673
2025-10-12T00:00:00Z,93.46,102.18,91.75,98.91,102196.47445749
2025-10-13T00:00:00Z,99.07,101.46,95.01,99.52,108268.71929635
2025-10-14T00:00:00Z,99.55,100.55,91.33,97.33,98167.12540382
2025-10-15T00:00:00Z,97.38,99.96,93.39,95.54,60461.90665098
2025-10-16T00:00:00Z,95.56,96.93,89.45,91.80,48071.72850290
2025-10-17T00:00:00Z,91.73,93.08,84.26,90.10,64342.64194501
2025-10-18T00:00:00Z,90.10,92.17,90.00,91.70,23385.28941424
2025-10-19T00:00:00Z,91.70,94.74,90.77,93.30,19211.03666569
2025-10-20T00:00:00Z,93.31,95.82,92.35,94.03,26698.14032924
2025-10-21T00:00:00Z,94.05,96.96,91.69,92.50,39201.08116447
2025-10-22T00:00:00Z,92.50,94.98,89.94,91.90,56819.63887072
2025-10-23T00:00:00Z,91.90,94.75,91.85,94.05,21239.14242967
2025-10-24T00:00:00Z,94.06,97.33,93.97,96.41,30331.35409204
2025-10-25T00:00:00Z,96.50,97.09,95.71,96.97,10878.44335839
2025-10-26T00:00:00Z,96.98,100.89,96.40,99.94,26703.50791733
2025-10-27T00:00:00Z,100.03,103.02,98.16,99.40,45250.97135021
2025-10-28T00:00:00Z,99.40,106.80,95.34,96.68,62970.38553353
2025-10-29T00:00:00Z,96.50,100.69,95.66,98.55,38340.49499802
2025-10-30T00:00:00Z,98.57,99.72,90.48,93.42,47036.77371601
2025-10-31T00:00:00Z,93.41,96.24,93.01,95.37,37783.03724253
2025-11-01T00:00:00Z,95.38,101.93,95.06,101.41,27171.30579545
2025-11-02T00:00:00Z,101.40,101.40,97.57,99.48,39694.34201989
2025-11-03T00:00:00Z,99.41,99.70,85.42,87.39,80546.39329290
2025-11-04T00:00:00Z,87.42,91.12,79.60,85.23,84243.24570573
2025-11-05T00:00:00Z,85.11,89.90,82.07,89.36,40190.62417951
2025-11-06T00:00:00Z,89.39,89.39,85.21,86.96,60648.14917687
2025-11-07T00:00:00Z,86.96,105.49,85.89,101.87,231272.39201095
2025-11-08T00:00:00Z,101.88,107.46,98.06,106.72,95849.98638298
2025-11-09T00:00:00Z,106.94,113.58,98.76,110.35,308702.46871215
2025-11-10T00:00:00Z,110.33,112.20,103.53,104.20,144149.33145179
2025-11-11T00:00:00Z,104.20,106.82,99.00,99.62,73528.30276238
2025-11-12T00:00:00Z,99.68,104.31,94.78,97.58,77414.25850155
2025-11-13T00:00:00Z,97.58,102.61,93.68,96.50,92069.35463093
2025-11-14T00:00:00Z,96.53,100.12,93.32,97.53,113500.74871175
2025-11-15T00:00:00Z,97.61,109.38,97.61,101.62,132064.89923339
2025-11-16T00:00:00Z,101.62,103.28,94.28,95.69,106122.90390504
2025-11-17T00:00:00Z,95.73,97.84,90.50,91.12,110524.78036299
2025-11-18T00:00:00Z,91.13,97.43,90.41,95.61,95215.66115577
2025-11-19T00:00:00Z,95.54,95.90,88.82,92.84,124784.37426981
2025-11-20T00:00:00Z,92.80,93.77,85.94,87.05,50820.52687526
2025-11-21T00:00:00Z,87.13,88.50,79.99,82.61,115846.49329018
2025-11-22T00:00:00Z,82.58,83.83,80.84,82.07,44311.37987897
2025-11-23T00:00:00Z,82.05,84.33,81.84,83.08,41834.95831217
2025-11-24T00:00:00Z,83.08,87.30,82.14,85.47,90615.73190090
2025-11-25T00:00:00Z,85.47,86.73,83.12,85.29,47826.68700331
2025-11-26T00:00:00Z,85.29,87.67,83.30,86.84,84345.34168100
2025-11-27T00:00:00Z,86.85,87.75,86.03,86.58,42303.90661241
2025-11-28T00:00:00Z,86.58,86.80,83.19,84.24,45640.73183633
2025-11-29T00:00:00Z,84.20,85.70,83.18,83.97,18214.56418816
2025-11-30T00:00:00Z,83.97,84.81,82.30,82.32,64826.29252651
2025-12-01T00:00:00Z,82.45,82.48,74.50,77.59,62799.32032146
2025-12-02T00:00:00Z,77.58,83.35,77.34,82.85,59065.90187781
2025-12-03T00:00:00Z,82.86,86.66,82.59,85.86,40008.54290882
2025-12-04T00:00:00Z,85.87,86.75,82.18,83.55,26216.35213727
2025-12-05T00:00:00Z,83.56,84.16,79.65,80.41,25072.63377708
2025-12-06T00:00:00Z,80.42,82.50,79.93,81.69,16902.55013868
2025-12-07T00:00:00Z,81.72,83.77,79.95,81.47,27872.56355326
2025-12-08T00:00:00Z,81.37,84.44,81.08,83.92,21966.85053166
2025-12-09T00:00:00Z,83.92,87.54,82.48,85.91,30371.03275079
2025-12-10T00:00:00Z,85.90,87.00,83.78,84.32,35660.19341854
2025-12-11T00:00:00Z,84.33,84.60,80.35,82.95,29435.85689966
2025-12-12T00:00:00Z,82.97,84.46,80.55,81.96,24772.22961733
2025-12-13T00:00:00Z,81.97,82.43,80.79,81.47,18773.36171832
2025-12-14T00:00:00Z,81.47,81.96,78.02,78.96,31567.17872714
2025-12-15T00:00:00Z,78.95,81.38,75.80,77.54,33773.67383381
2025-12-16T00:00:00Z,77.54,79.73,76.46,79.07,28889.65586317
2025-12-17T00:00:00Z,79.07,80.98,75.15,76.00,52853.35519856
2025-12-18T00:00:00Z,75.96,78.45,72.50,74.24,70603.26852482
2025-12-19T00:00:00Z,74.24,77.95,73.55,77.46,45213.55081280
2025-12-20T00:00:00Z,77.44,79.35,76.40,77.81,21093.39362856
2025-12-21T00:00:00Z,77.82,78.02,75.49,76.71,25399.34585965
2025-12-22T00:00:00Z,76.76,79.42,76.31,76.97,27662.74997071
2025-12-23T00:00:00Z,76.97,77.89,75.53,76.95,23987.59071123
2025-12-24T00:00:00Z,76.95,77.38,75.23,75.73,40464.20835689
2025-12-25T00:00:00Z,75.70,77.48,75.34,75.68,33298.79692935
2025-12-26T00:00:00Z,75.64,77.93,75.46,76.83,27464.60407645
2025-12-27T00:00:00Z,76.82,80.46,76.74,80.26,20936.44078975
2025-12-28T00:00:00Z,80.33,80.47,77.82,78.64,25677.49964679
2025-12-29T00:00:00Z,78.65,80.09,76.84,78.22,34096.63280398
2025-12-30T00:00:00Z,78.26,78.93,77.61,78.81,18757.24341617
2025-12-31T00:00:00Z,78.81,78.81,75.91,76.73,32954.79126607
2026-01-01T00:00:00Z,76.67,79.92,76.59,79.86,22557.82240969
2026-01-02T00:00:00Z,79.88,82.20,78.95,81.86,27940.62486724
2026-01-03T00:00:00Z,81.90,82.79,80.73,82.05,16231.41725562
2026-01-04T00:00:00Z,82.00,83.12,81.63,82.23,22103.19912299
2026-01-05T00:00:00Z,82.24,84.52,81.42,83.45,41534.46049260
2026-01-06T00:00:00Z,83.46,84.84,81.16,83.94,38894.53106607
2026-01-07T00:00:00Z,83.92,83.92,80.89,81.64,45274.37067857
2026-01-08T00:00:00Z,81.64,82.23,79.91,81.26,39145.42261103
2026-01-09T00:00:00Z,81.26,81.99,79.86,81.35,43506.16982739
2026-01-10T00:00:00Z,81.36,82.32,80.71,81.09,26379.55012122
2026-01-11T00:00:00Z,81.07,81.64,78.46,78.64,45696.17421413
2026-01-12T00:00:00Z,78.67,80.60,75.55,76.05,140942.16894347
2026-01-13T00:00:00Z,76.05,78.90,75.28,78.16,109228.09313190
2026-01-14T00:00:00Z,78.09,80.90,76.13,76.68,194130.94714655
2026-01-15T00:00:00Z,76.72,76.83,69.64,72.16,203940.97424311
2026-01-16T00:00:00Z,72.17,76.02,70.94,75.22,125597.43728706
2026-01-17T00:00:00Z,75.18,75.94,73.82,74.88,48293.48679280
2026-01-18T00:00:00Z,74.88,75.80,72.09,72.23,59733.42325227
2026-01-19T00:00:00Z,72.24,72.24,67.00,70.75,107131.06858740
2026-01-20T00:00:00Z,70.76,71.03,65.75,67.02,70313.18903016
2026-01-21T00:00:00Z,67.05,69.63,66.02,68.44,54967.35827791
2026-01-22T00:00:00Z,68.44,69.58,67.13,68.14,36770.95657085
2026-01-23T00:00:00Z,68.14,69.53,66.93,68.00,40016.82452484
2026-01-24T00:00:00Z,67.99,68.84,67.67,68.10,19530.55725039
2026-01-25T00:00:00Z,68.13,70.28,65.18,67.20,80373.80514539
2026-01-26T00:00:00Z,67.22,70.00,66.94,69.66,35557.40682736
2026-01-27T00:00:00Z,69.68,70.37,68.57,69.93,45522.76798290
2026-01-28T00:00:00Z,69.99,70.21,68.33,69.32,46060.46106350
2026-01-29T00:00:00Z,69.32,69.45,64.35,66.10,58660.46191599
2026-01-30T00:00:00Z,66.10,66.37,62.77,65.34,51425.25882235
2026-01-31T00:00:00Z,65.36,65.39,54.52,59.48,166418.28486086
2026-02-01T00:00:00Z,59.48,59.83,57.15,58.47,79428.46235038
2026-02-02T00:00:00Z,58.50,61.12,56.45,59.95,89760.38029041
2026-02-03T00:00:00Z,59.97,61.32,56.82,59.38,63016.11046534
2026-02-04T00:00:00Z,59.39,60.88,56.98,58.70,74690.15712597
2026-02-05T00:00:00Z,58.79,59.28,50.09,50.64,130522.22501292
2026-02-06T00:00:00Z,50.78,56.42,45.06,55.00,114842.54448059
2026-02-07T00:00:00Z,54.97,55.94,52.86,55.23,42453.84246133
2026-02-08T00:00:00Z,55.19,55.76,53.68,54.49,19225.50573374
2026-02-09T00:00:00Z,54.48,55.06,52.32,54.44,45222.35421532
2026-02-10T00:00:00Z,54.44,54.66,52.83,53.34,38531.58236484
2026-02-11T00:00:00Z,53.36,53.69,50.99,52.26,60440.73763494
2026-02-12T00:00:00Z,52.30,53.73,51.53,53.10,45088.91922888
2026-02-13T00:00:00Z,53.10,55.71,52.32,55.03,59644.06729824
2026-02-14T00:00:00Z,55.00,56.61,54.85,56.01,63863.97324827
2026-02-15T00:00:00Z,55.98,56.65,54.19,55.04,62917.95573830
2026-02-16T00:00:00Z,55.04,55.61,53.33,55.12,40272.97825259
2026-02-17T00:00:00Z,55.10,55.80,53.16,53.90,69985.45896268
2026-02-18T00:00:00Z,53.92,54.91,52.95,53.31,33722.21761485
2026-02-19T00:00:00Z,53.30,53.70,51.45,52.68,20431.88273870
2026-02-20T00:00:00Z,52.69,55.45,52.64,55.17,56417.09703807
2026-02-21T00:00:00Z,55.22,55.95,54.81,54.94,26237.88144658
2026-02-22T00:00:00Z,54.86,54.88,52.96,53.48,44523.21286175
2026-02-23T00:00:00Z,53.43,53.51,50.74,51.36,87277.79691370
2026-02-24T00:00:00Z,51.37,51.86,50.20,51.18,35694.47598309
2026-02-25T00:00:00Z,51.19,58.96,51.06,56.70,84967.81946385
2026-02-26T00:00:00Z,56.76,57.08,54.41,55.62,58772.61218676
2026-02-27T00:00:00Z,55.63,56.39,53.42,54.54,36448.69266180
2026-02-28T00:00:00Z,54.57,54.99,51.52,54.44,63975.42258715
2026-03-01T00:00:00Z,54.48,55.55,52.48,53.26,34751.45507636
2026-03-02T00:00:00Z,53.25,55.68,52.97,54.57,68167.23812387
2026-03-03T00:00:00Z,54.59,55.23,53.02,54.79,40780.93480194
2026-03-04T00:00:00Z,54.80,57.70,54.29,56.81,64660.20456488
2026-03-05T00:00:00Z,56.79,57.30,55.07,55.48,48955.62580187
2026-03-06T00:00:00Z,55.50,55.88,53.11,53.79,34432.81232349
2026-03-07T00:00:00Z,53.80,54.27,53.24,53.59,18092.40911968
2026-03-08T00:00:00Z,53.62,53.88,51.87,52.61,32309.98070421
2026-03-09T00:00:00Z,52.58,54.72,52.53,53.77,33280.44466661
2026-03-10T00:00:00Z,53.77,54.98,53.46,53.86,36055.12728321
2026-03-11T00:00:00Z,53.90,55.26,53.58,54.81,38261.85697882
2026-03-12T00:00:00Z,54.81,54.99,53.81,54.55,30264.56373829
2026-03-13T00:00:00Z,54.58,56.71,54.49,55.34,70156.36332299
2026-03-14T00:00:00Z,55.31,55.84,54.39,55.01,40791.63671164
2026-03-15T00:00:00Z,54.99,56.39,54.73,56.26,22195.64445860
2026-03-16T00:00:00Z,56.30,59.18,55.83,58.70,35826.98425326
2026-03-17T00:00:00Z,58.70,59.24,57.37,58.11,42680.76939167
2026-03-18T00:00:00Z,58.11,58.61,55.36,56.10,36630.95266882
2026-03-19T00:00:00Z,56.08,56.35,54.64,55.54,31044.09140370
2026-03-20T00:00:00Z,55.56,56.45,55.23,56.17,25794.11042938
2026-03-21T00:00:00Z,56.19,56.60,54.48,54.79,26167.57980070
2026-03-22T00:00:00Z,54.74,55.03,53.03,53.51,18053.18471042
2026-03-23T00:00:00Z,53.51,56.11,53.30,55.70,39848.88251195
2026-03-24T00:00:00Z,55.70,56.48,55.01,56.39,28083.42977701
2026-03-25T00:00:00Z,56.39,56.79,55.83,56.64,19937.34246361
2026-03-26T00:00:00Z,56.64,56.66,54.17,54.55,77023.17605217
2026-03-27T00:00:00Z,54.57,55.15,53.28,53.67,54021.81795527
2026-03-28T00:00:00Z,53.67,54.86,53.24,53.82,32594.12061046
2026-03-29T00:00:00Z,53.82,54.33,52.26,53.28,20648.47719136
2026-03-30T00:00:00Z,53.29,54.36,53.02,53.31,47174.38110824
2026-03-31T00:00:00Z,53.33,54.19,53.11,53.91,55292.74979073
2026-04-01T00:00:00Z,53.91,54.70,53.75,53.83,40947.87054573
2026-04-02T00:00:00Z,53.82,54.11,51.39,52.31,40744.15213110
2026-04-03T00:00:00Z,52.33,53.46,52.15,53.22,26090.42881182
2026-04-04T00:00:00Z,53.21,53.85,53.00,53.58,27017.97762544
2026-04-05T00:00:00Z,53.58,54.24,52.60,54.12,34711.73523544
2026-04-06T00:00:00Z,54.16,54.58,53.22,53.55,27465.93697777
2026-04-07T00:00:00Z,53.54,55.72,52.95,55.36,39200.69946986
2026-04-08T00:00:00Z,55.37,55.57,53.92,53.98,27118.42694976
2026-04-09T00:00:00Z,53.98,55.27,53.66,54.55,42724.18146361
2026-04-10T00:00:00Z,54.56,55.53,54.25,54.97,30539.52559339
2026-04-11T00:00:00Z,54.97,55.74,54.38,55.07,22604.52959809
2026-04-12T00:00:00Z,55.07,55.08,53.41,53.51,22554.35748739
2026-04-13T00:00:00Z,53.50,54.76,52.68,54.66,36309.40597949
2026-04-14T00:00:00Z,54.65,55.30,54.04,54.29,38382.22668700
2026-04-15T00:00:00Z,54.30,55.66,53.85,55.15,36542.25191662
2026-04-16T00:00:00Z,55.18,56.57,54.60,56.39,43296.12992431
2026-04-17T00:00:00Z,56.39,57.42,55.35,56.46,33623.23654774
2026-04-18T00:00:00Z,56.42,56.68,55.28,55.68,23258.57943503
2026-04-19T00:00:00Z,55.68,55.84,53.94,54.08,23716.41071494
2026-04-20T00:00:00Z,54.07,55.43,54.03,55.05,40204.86790474
2026-04-21T00:00:00Z,55.06,55.90,54.71,55.60,33815.11816735
2026-04-22T00:00:00Z,55.62,56.61,55.49,55.51,24275.63556853
2026-04-23T00:00:00Z,55.54,56.25,54.96,56.24,26515.15797905
2026-04-24T00:00:00Z,56.23,56.77,55.75,56.58,20317.39404877
2026-04-25T00:00:00Z,56.57,56.76,55.95,56.08,21582.17498762
2026-04-26T00:00:00Z,56.09,56.46,55.78,56.30,18995.73249727
2026-04-27T00:00:00Z,56.31,56.80,54.97,55.57,26697.37130325
2026-04-28T00:00:00Z,55.58,55.78,54.70,55.72,22803.41337418
2026-04-29T00:00:00Z,55.73,57.69,54.34,55.31,40792.99396798
2026-04-30T00:00:00Z,55.30,55.97,54.94,55.16,23347.16152655
2026-05-01T00:00:00Z,55.17,56.00,54.91,55.41,27897.96002423
2026-05-02T00:00:00Z,55.41,55.70,55.06,55.38,26496.35502261
2026-05-03T00:00:00Z,55.40,55.76,54.89,55.28,29505.45698966
2026-05-04T00:00:00Z,55.28,56.41,54.93,54.95,65299.05040865
2026-05-05T00:00:00Z,54.98,56.60,54.80,56.37,76189.24435867
2026-05-06T00:00:00Z,56.36,57.91,56.08,56.76,63983.61057780
2026-05-07T00:00:00Z,56.76,57.40,56.09,56.44,35394.54759026
2026-05-08T00:00:00Z,56.48,58.98,56.09,58.33,74392.93769242
2026-05-09T00:00:00Z,58.33,59.14,57.62,57.99,52705.28483912
2026-05-10T00:00:00Z,58.00,60.58,57.67,60.36,80609.16720520
2026-05-11T00:00:00Z,60.40,60.57,58.08,58.51,42637.21174586
2026-05-12T00:00:00Z,58.51,58.63,57.04,58.12,60585.46990351
2026-05-13T00:00:00Z,58.12,58.93,56.26,56.98,73809.98954503
2026-05-14T00:00:00Z,56.99,59.53,56.65,58.21,66172.65962027
2026-05-15T00:00:00Z,58.21,58.51,56.40,57.47,54277.79196495
2026-05-16T00:00:00Z,57.49,57.67,55.57,56.13,37274.85001783
2026-05-17T00:00:00Z,56.12,56.47,53.74,54.56,39329.40330453
2026-05-18T00:00:00Z,54.54,54.56,53.17,54.33,38330.63395571
2026-05-19T00:00:00Z,54.33,54.55,53.50,54.45,31426.91176808
2026-05-20T00:00:00Z,54.48,54.51,53.25,53.90,38550.59593686
2026-05-21T00:00:00Z,53.90,54.64,53.30,54.15,34567.42844800
2026-05-22T00:00:00Z,54.15,54.58,52.22,52.62,46059.35262827
2026-05-23T00:00:00Z,52.62,54.18,51.48,53.44,40274.86970866
2026-05-24T00:00:00Z,53.44,53.58,51.95,52.71,19287.00928854
2026-05-25T00:00:00Z,52.71,53.16,52.42,52.69,20810.90080515
2026-05-26T00:00:00Z,52.69,53.05,51.59,51.86,24626.83788022
2026-05-27T00:00:00Z,51.87,52.79,51.62,51.90,24089.11439625
2026-05-28T00:00:00Z,51.90,52.06,50.29,51.62,35257.44015002
2026-05-29T00:00:00Z,51.61,52.27,51.12,51.83,34059.07053582
2026-05-30T00:00:00Z,51.83,52.72,51.76,52.39,20445.51006446
2026-05-31T00:00:00Z,52.40,52.70,51.30,52.00,18379.33023453
2026-06-01T00:00:00Z,52.02,52.23,50.02,50.76,27602.80905224
2026-06-02T00:00:00Z,50.73,50.77,46.28,46.83,77216.35343662
2026-06-03T00:00:00Z,46.87,48.47,46.79,47.06,60277.72251283
2026-06-04T00:00:00Z,47.08,47.44,43.96,45.59,64873.85013425
2026-06-05T00:00:00Z,45.59,45.78,41.98,43.31,95087.92066910
2026-06-06T00:00:00Z,43.32,44.03,40.56,41.37,90122.61807164
2026-06-07T00:00:00Z,41.38,43.36,41.12,42.83,91215.83006038
2026-06-08T00:00:00Z,42.82,43.81,42.03,43.04,36864.83328461
2026-06-09T00:00:00Z,43.02,43.48,41.82,43.01,53091.38829994
2026-06-10T00:00:00Z,43.02,43.22,41.23,41.72,65805.97443708
2026-06-11T00:00:00Z,41.71,43.61,41.70,42.43,83810.78706648
2026-06-12T00:00:00Z,42.44,43.50,42.13,43.07,52429.26091551
2026-06-13T00:00:00Z,43.06,44.40,42.96,44.32,45626.09881663
2026-06-14T00:00:00Z,44.34,45.41,43.71,45.41,53729.35862952
2026-06-15T00:00:00Z,45.39,46.27,44.75,45.75,65408.35803408
2026-06-16T00:00:00Z,45.74,46.30,44.47,45.67,55532.46076397
2026-06-17T00:00:00Z,45.70,45.95,44.41,44.91,28454.19061284
2026-06-18T00:00:00Z,44.91,45.01,42.94,43.83,28928.36213890
2026-06-19T00:00:00Z,43.82,44.57,43.17,44.03,34795.75560174
2026-06-20T00:00:00Z,44.02,44.58,43.75,44.53,25366.41829511
2026-06-21T00:00:00Z,44.50,46.00,44.37,44.44,26541.15314445
2026-06-22T00:00:00Z,44.42,45.77,44.27,44.51,36722.77960954
2026-06-23T00:00:00Z,44.51,44.63,41.76,42.15,49580.42995684
2026-06-24T00:00:00Z,42.16,42.34,39.29,41.14,86523.12772047
2026-06-25T00:00:00Z,41.14,41.92,39.25,40.87,55690.04833038
2026-06-26T00:00:00Z,40.88,42.11,39.97,41.86,116837.34087400
2026-06-27T00:00:00Z,41.86,43.23,41.65,42.12,54869.64204659
2026-06-28T00:00:00Z,42.12,43.29,41.86,42.42,43323.10384107
2026-06-29T00:00:00Z,42.47,43.38,42.08,43.14,58603.61188876
2026-06-30T00:00:00Z,43.14,43.15,41.54,41.91,51054.32152021
2026-07-01T00:00:00Z,41.90,43.63,41.11,42.68,63146.56042793
2026-07-02T00:00:00Z,42.68,43.88,42.37,43.52,53017.14633460
2026-07-03T00:00:00Z,43.51,45.31,43.01,44.81,81349.75750778
2026-07-04T00:00:00Z,44.79,45.68,43.95,44.80,60965.14451263
2026-07-05T00:00:00Z,44.80,46.11,44.00,45.77,48598.88989931
2026-07-06T00:00:00Z,45.78,46.00,43.75,44.80,64471.30481480
2026-07-07T00:00:00Z,44.82,44.96,43.65,43.86,73025.94751190
2026-07-08T00:00:00Z,43.90,44.03,43.13,43.64,93065.21932860
2026-07-09T00:00:00Z,43.65,44.28,43.40,43.79,39213.30970196
2026-07-10T00:00:00Z,43.77,44.86,43.56,44.75,40415.60458246
2026-07-11T00:00:00Z,44.75,45.51,44.59,44.62,44525.30081560
2026-07-12T00:00:00Z,44.61,44.87,43.96,43.98,34644.69750569
2026-07-13T00:00:00Z,43.98,44.50,42.89,43.50,43420.90192554
2026-07-14T00:00:00Z,43.53,45.47,43.38,45.38,57872.00795423
2026-07-15T00:00:00Z,45.42,46.04,44.61,45.14,45001.37064217
2026-07-16T00:00:00Z,45.15,45.37,44.33,44.92,37777.07680049
2026-07-17T00:00:00Z,44.91,45.83,44.08,45.14,39008.63585293
2026-07-18T00:00:00Z,45.14,47.83,45.05,46.99,71852.48179541
2026-07-19T00:00:00Z,46.99,47.85,46.66,47.04,49637.04847146
2026-07-20T00:00:00Z,47.04,47.77,46.40,47.33,53922.78095682
2026-07-21T00:00:00Z,47.35,48.08,46.64,46.84,53201.18510994
2026-07-22T00:00:00Z,46.86,47.59,46.34,47.13,43468.43257233
2026-07-23T00:00:00Z,47.13,47.52,46.20,46.94,41551.01748809
2026-07-24T00:00:00Z,46.94,47.38,45.90,46.33,38137.23980655
2026-07-25T00:00:00Z,46.33,46.64,45.77,46.53,24167.93943928
2026-07-26T00:00:00Z,46.53,48.21,46.46,47.82,46428.93867832
2026-07-27T00:00:00Z,47.82,47.82,45.91,46.02,31630.59542239
2026-07-28T00:00:00Z,46.02,46.66,45.87,46.17,33525.64173540
2026-07-29T00:00:00Z,46.17,46.34,44.30,45.41,80037.29840278
2026-07-30T00:00:00Z,45.41,45.81,44.83,45.55,56026.40812557
2026-07-31T00:00:00Z,45.55,45.88,44.13,44.27,36294.55016229
2026-08-01T00:00:00Z,44.27,44.74,43.57,44.21,48549.50240907
2026-08-02T00:00:00Z,44.22,45.00,44.11,44.63,38498.63192980
2026-08-03T00:00:00Z,44.62,44.71,43.98,44.27,19597.39839876
2026-08-04T00:00:00Z,44.25,45.14,44.02,44.81,26907.68835982
2026-08-05T00:00:00Z,44.82,45.39,44.69,45.29,35835.84234414
2026-08-06T00:00:00Z,45.30,45.78,44.73,45.42,27126.75655395
2026-08-07T00:00:00Z,45.42,46.05,45.27,45.54,24114.00546042
2026-08-08T00:00:00Z,45.50,46.08,45.43,45.98,17087.47704742
2026-08-09T00:00:00Z,45.98,46.47,45.37,45.43,28858.21036067
2026-08-10T00:00:00Z,45.39,45.71,44.96,45.07,22061.68689597
2026-08-11T00:00:00Z,45.09,45.55,44.92,45.48,23791.68218105
2026-08-12T00:00:00Z,45.46,45.62,44.63,44.85,25324.68673707
2026-08-13T00:00:00Z,44.84,45.02,44.60,44.80,30173.99225859
2026-08-14T00:00:00Z,44.79,44.92,43.36,43.81,34237.94457775
2026-08-15T00:00:00Z,43.83,44.30,43.63,44.08,18278.09965014
2026-08-16T00:00:00Z,44.08,44.76,44.03,44.10,19462.50136179
2026-08-17T00:00:00Z,44.11,44.60,43.81,44.54,32654.51851318
2026-08-18T00:00:00Z,44.54,44.72,44.14,44.34,21505.11840911
2026-08-19T00:00:00Z,44.36,47.23,44.30,46.78,107754.67276165
2026-08-20T00:00:00Z,46.78,48.57,46.47,47.81,93038.34913995
2026-08-21T00:00:00Z,47.81,54.19,47.77,53.16,133548.42642553
2026-08-22T00:00:00Z,53.19,55.39,49.64,52.46,123440.56551136
2026-08-23T00:00:00Z,52.46,53.19,50.63,52.28,87886.64470063
2026-08-24T00:00:00Z,52.30,54.08,51.28,51.65,73215.53941165
2026-08-25T00:00:00Z,51.64,52.96,49.51,49.96,57083.75125898
2026-08-26T00:00:00Z,49.95,50.90,49.21,50.50,36410.25500083
2026-08-27T00:00:00Z,50.50,50.55,49.42,49.94,53771.77247052
2026-08-28T00:00:00Z,49.94,50.48,48.02,49.35,63279.01337838
2026-08-29T00:00:00Z,49.35,49.51,48.59,49.02,25436.18451118
2026-08-30T00:00:00Z,49.03,50.14,47.41,47.98,46629.73484062
2026-08-31T00:00:00Z,47.92,49.05,47.72,48.55,47502.99818403
2026-09-01T00:00:00Z,48.55,50.08,48.29,49.54,68896.27721158
2026-09-02T00:00:00Z,49.55,49.98,48.49,49.68,60088.75889589
2026-09-03T00:00:00Z,49.68,51.88,49.46,51.50,62375.09632159
2026-09-04T00:00:00Z,51.51,51.57,49.81,50.79,52612.76888758
2026-09-05T00:00:00Z,50.78,55.34,50.73,54.71,143472.96846282
2026-09-06T00:00:00Z,54.73,55.15,53.48,54.98,51923.90648812
2026-09-07T00:00:00Z,54.98,59.42,53.90,55.21,161230.97504778
2026-09-08T00:00:00Z,55.21,56.25,53.86,54.29,76281.81613846
2026-09-09T00:00:00Z,54.29,54.76,52.47,53.21,86590.49740790
2026-09-10T00:00:00Z,53.19,53.37,51.64,52.13,60697.68707957
2026-09-11T00:00:00Z,52.11,54.29,51.91,53.28,67673.92948496
2026-09-12T00:00:00Z,53.29,54.26,53.13,53.65,29317.89698569
2026-09-13T00:00:00Z,53.65,55.24,53.26,53.76,46422.06064145
2026-09-14T00:00:00Z,53.74,54.57,53.07,53.12,55223.71319891
2026-09-15T00:00:00Z,53.15,53.15,50.73,51.24,65620.73372998
2026-09-16T00:00:00Z,51.25,51.77,50.19,51.66,49176.65151880
2026-09-17T00:00:00Z,51.67,53.99,51.53,53.93,105349.41921193
2026-09-18T00:00:00Z,53.91,58.23,53.87,58.16,99591.97377356
2026-09-19T00:00:00Z,58.15,59.18,56.72,58.25,149770.80533136
2026-09-20T00:00:00Z,58.26,59.32,56.50,58.70,62551.84490938
2026-09-21T00:00:00Z,58.71,63.83,58.15,62.04,254024.76283130
2026-09-22T00:00:00Z,61.98,63.81,59.79,62.97,197001.66462907
2026-09-23T00:00:00Z,62.97,64.61,58.68,60.17,152506.40866650
